Order_ID,Customer_ID,Order_Date,Product_ID,Quantity,Total_Amount
1001,103,2023-01-01,149,2,1354
1002,436,2023-01-02,111,4,1840
1003,349,2023-01-03,185,3,1320
1004,271,2023-01-04,126,3,2607
1005,107,2023-01-05,163,2,1720
1006,72,2023-01-06,189,4,2192
1007,189,2023-01-07,186,3,2826
1008,21,2023-01-08,159,1,934
1009,103,2023-01-09,127,3,837
1010,122,2023-01-10,149,1,801
1011,467,2023-01-11,177,2,1012
1012,215,2023-01-12,133,1,765
1013,331,2023-01-13,198,3,885
1014,459,2023-01-14,199,3,1695
1015,88,2023-01-15,101,3,1230
1016,373,2023-01-16,121,2,722
1017,100,2023-01-17,155,2,1036
1018,360,2023-01-18,106,4,2020
1019,152,2023-01-19,192,3,726
1020,131,2023-01-20,181,1,441
1021,150,2023-01-21,169,2,830
1022,309,2023-01-22,195,3,600
1023,258,2023-01-23,105,3,1029
1024,344,2023-01-24,103,2,1178
1025,492,2023-01-25,153,4,444
1026,414,2023-01-26,123,2,676
1027,294,2023-01-27,153,2,1320
1028,386,2023-01-28,137,1,141
1029,192,2023-01-29,174,1,777
1030,444,2023-01-30,174,4,2772
1031,277,2023-01-31,183,3,1584
1032,161,2023-02-01,117,2,1804
1033,460,2023-02-02,185,4,1028
1034,314,2023-02-03,178,1,315
1035,22,2023-02-04,173,2,1538
1036,253,2023-02-05,101,3,1683
1037,236,2023-02-06,151,1,233
1038,345,2023-02-07,145,1,166
1039,49,2023-02-08,177,1,947
1040,475,2023-02-09,104,4,424
1041,59,2023-02-10,162,3,1875
1042,170,2023-02-11,165,2,344
1043,476,2023-02-12,132,4,1992
1044,188,2023-02-13,134,4,2016
1045,464,2023-02-14,192,4,3096
1046,271,2023-02-15,195,1,677
1047,190,2023-02-16,172,3,2874
1048,446,2023-02-17,139,4,916
1049,175,2023-02-18,126,2,1130
1050,446,2023-02-19,134,3,915
1051,51,2023-02-20,154,2,1774
1052,364,2023-02-21,103,3,2601
1053,55,2023-02-22,150,2,730
1054,244,2023-02-23,112,1,636
1055,320,2023-02-24,165,4,3568
1056,131,2023-02-25,154,2,704
1057,485,2023-02-26,105,3,2763
1058,307,2023-02-27,194,4,1552
1059,135,2023-02-28,194,4,1052
1060,21,2023-03-01,157,3,582
1061,329,2023-03-02,117,2,1762
1062,167,2023-03-03,147,1,932
1063,274,2023-03-04,123,1,209
1064,388,2023-03-05,179,2,870
1065,89,2023-03-06,185,4,3684
1066,316,2023-03-07,114,4,1348
1067,14,2023-03-08,166,4,1920
1068,242,2023-03-09,175,4,2140
1069,265,2023-03-10,151,2,1996
1070,346,2023-03-11,138,4,2328
1071,53,2023-03-12,164,3,372
1072,386,2023-03-13,198,4,3008
1073,340,2023-03-14,138,1,216
1074,92,2023-03-15,150,4,2324
1075,367,2023-03-16,198,2,982
1076,444,2023-03-17,182,1,636
1077,455,2023-03-18,130,2,356
1078,428,2023-03-19,179,2,1358
1079,264,2023-03-20,191,1,272
1080,431,2023-03-21,151,2,222
1081,35,2023-03-22,163,2,1798
1082,206,2023-03-23,198,4,908
1083,81,2023-03-24,152,3,2121
1084,420,2023-03-25,138,2,382
1085,50,2023-03-26,197,2,1504
1086,360,2023-03-27,188,2,1284
1087,388,2023-03-28,179,4,3780
1088,2,2023-03-29,130,3,1893
1089,390,2023-03-30,151,1,757
1090,54,2023-03-31,181,4,3708
1091,106,2023-04-01,105,4,2184
1092,260,2023-04-02,129,3,1467
1093,310,2023-04-03,104,3,2313
1094,477,2023-04-04,110,4,3840
1095,191,2023-04-05,156,1,142
1096,402,2023-04-06,117,4,1412
1097,218,2023-04-07,174,3,687
1098,44,2023-04-08,117,1,159
1099,162,2023-04-09,184,3,2286
1100,202,2023-04-10,188,1,566
1101,446,2023-04-11,169,2,772
1102,484,2023-04-12,134,3,1848
1103,270,2023-04-13,106,3,1698
1104,351,2023-04-14,153,4,3508
1105,304,2023-04-15,166,3,1332
1106,271,2023-04-16,177,3,2223
1107,456,2023-04-17,143,2,962
1108,462,2023-04-18,175,3,2634
1109,215,2023-04-19,123,2,1578
1110,252,2023-04-20,155,2,704
1111,190,2023-04-21,180,2,310
1112,296,2023-04-22,195,2,1124
1113,213,2023-04-23,175,1,556
1114,208,2023-04-24,116,4,728
1115,237,2023-04-25,108,1,198
1116,338,2023-04-26,104,3,744
1117,367,2023-04-27,104,1,428
1118,53,2023-04-28,156,1,255
1119,280,2023-04-29,125,3,867
1120,410,2023-04-30,167,3,1779
1121,217,2023-05-01,196,3,2946
1122,252,2023-05-02,167,1,362
1123,188,2023-05-03,127,1,179
1124,380,2023-05-04,193,3,1497
1125,493,2023-05-05,132,4,3452
1126,41,2023-05-06,150,4,2832
1127,157,2023-05-07,161,2,718
1128,15,2023-05-08,151,3,2613
1129,301,2023-05-09,119,2,1428
1130,65,2023-05-10,121,4,2604
1131,345,2023-05-11,105,2,1768
1132,327,2023-05-12,182,3,600
1133,9,2023-05-13,192,3,1374
1134,344,2023-05-14,142,3,1437
1135,129,2023-05-15,161,1,919
1136,492,2023-05-16,122,2,640
1137,136,2023-05-17,121,4,3676
1138,472,2023-05-18,170,4,2076
1139,63,2023-05-19,101,4,892
1140,139,2023-05-20,105,1,521
1141,499,2023-05-21,112,1,330
1142,81,2023-05-22,190,3,2367
1143,392,2023-05-23,146,4,648
1144,163,2023-05-24,134,1,584
1145,419,2023-05-25,149,3,2181
1146,289,2023-05-26,178,4,3208
1147,379,2023-05-27,190,2,1346
1148,261,2023-05-28,145,3,2601
1149,490,2023-05-29,127,1,582
1150,231,2023-05-30,173,1,618
1151,41,2023-05-31,126,3,762
1152,28,2023-06-01,147,3,573
1153,135,2023-06-02,186,1,625
1154,201,2023-06-03,156,2,1108
1155,328,2023-06-04,194,4,3360
1156,268,2023-06-05,163,2,1394
1157,418,2023-06-06,148,3,2232
1158,33,2023-06-07,161,2,1218
1159,48,2023-06-08,181,1,282
1160,407,2023-06-09,126,3,1455
1161,62,2023-06-10,136,4,2692
1162,216,2023-06-11,101,1,830
1163,293,2023-06-12,108,1,504
1164,99,2023-06-13,199,4,1380
1165,172,2023-06-14,152,4,3364
1166,360,2023-06-15,179,2,1380
1167,214,2023-06-16,147,3,2280
1168,475,2023-06-17,156,4,2996
1169,35,2023-06-18,186,4,2280
1170,449,2023-06-19,114,3,2775
1171,227,2023-06-20,190,4,3948
1172,101,2023-06-21,128,4,2088
1173,431,2023-06-22,187,2,328
1174,462,2023-06-23,178,1,112
1175,131,2023-06-24,188,1,312
1176,257,2023-06-25,102,1,341
1177,5,2023-06-26,126,1,592
1178,218,2023-06-27,114,4,1248
1179,255,2023-06-28,159,3,2376
1180,398,2023-06-29,156,3,1311
1181,359,2023-06-30,107,2,544
1182,283,2023-07-01,103,2,1542
1183,393,2023-07-02,123,4,1052
1184,207,2023-07-03,118,3,1692
1185,15,2023-07-04,138,3,1788
1186,346,2023-07-05,199,1,799
1187,42,2023-07-06,115,4,1976
1188,380,2023-07-07,164,4,3208
1189,461,2023-07-08,189,1,407
1190,179,2023-07-09,128,4,3468
1191,63,2023-07-10,174,4,1128
1192,352,2023-07-11,139,2,1456
1193,231,2023-07-12,157,3,2679
1194,241,2023-07-13,117,4,2436
1195,52,2023-07-14,186,2,1614
1196,96,2023-07-15,190,3,1935
1197,388,2023-07-16,144,1,663
1198,222,2023-07-17,125,2,1446
1199,485,2023-07-18,117,2,1726
1200,407,2023-07-19,113,3,2079
1201,231,2023-07-20,184,1,843
1202,237,2023-07-21,125,2,652
1203,143,2023-07-22,168,4,3376
1204,171,2023-07-23,110,4,3328
1205,29,2023-07-24,167,4,2140
1206,36,2023-07-25,118,1,521
1207,13,2023-07-26,200,2,1306
1208,160,2023-07-27,186,4,480
1209,327,2023-07-28,134,1,653
1210,187,2023-07-29,108,4,1984
1211,243,2023-07-30,140,3,2172
1212,86,2023-07-31,183,2,408
1213,284,2023-08-01,142,2,582
1214,66,2023-08-02,141,1,116
1215,170,2023-08-03,106,1,219
1216,45,2023-08-04,152,2,984
1217,62,2023-08-05,126,4,2096
1218,441,2023-08-06,164,4,912
1219,134,2023-08-07,198,3,687
1220,284,2023-08-08,159,4,2684
1221,28,2023-08-09,156,1,659
1222,108,2023-08-10,159,1,128
1223,44,2023-08-11,170,4,784
1224,340,2023-08-12,133,1,109
1225,286,2023-08-13,153,2,682
1226,446,2023-08-14,122,2,1850
1227,331,2023-08-15,121,4,1324
1228,128,2023-08-16,170,2,1776
1229,348,2023-08-17,170,2,766
1230,473,2023-08-18,104,3,2442
1231,231,2023-08-19,194,3,2574
1232,190,2023-08-20,175,2,1802
1233,225,2023-08-21,162,4,3500
1234,385,2023-08-22,162,3,2475
1235,377,2023-08-23,194,1,299
1236,283,2023-08-24,195,1,178
1237,446,2023-08-25,124,1,954
1238,121,2023-08-26,155,4,3820
1239,116,2023-08-27,109,2,544
1240,461,2023-08-28,103,1,566
1241,233,2023-08-29,131,4,2720
1242,259,2023-08-30,140,3,1545
1243,359,2023-08-31,136,2,1096
1244,198,2023-09-01,124,3,558
1245,456,2023-09-02,195,4,800
1246,411,2023-09-03,106,1,107
1247,137,2023-09-04,166,1,944
1248,318,2023-09-05,184,4,1196
1249,165,2023-09-06,192,1,604
1250,225,2023-09-07,175,2,372
1251,307,2023-09-08,104,4,568
1252,234,2023-09-09,179,3,1452
1253,172,2023-09-10,106,4,2880
1254,152,2023-09-11,194,2,1068
1255,463,2023-09-12,151,2,1014
1256,315,2023-09-13,162,4,2328
1257,374,2023-09-14,157,4,3052
1258,160,2023-09-15,166,1,116
1259,96,2023-09-16,179,2,1488
1260,472,2023-09-17,175,4,988
1261,233,2023-09-18,108,4,1504
1262,180,2023-09-19,126,2,662
1263,113,2023-09-20,151,4,3700
1264,318,2023-09-21,145,1,465
1265,497,2023-09-22,144,2,654
1266,442,2023-09-23,105,1,750
1267,52,2023-09-24,170,1,535
1268,268,2023-09-25,126,1,498
1269,295,2023-09-26,168,1,310
1270,386,2023-09-27,119,2,980
1271,387,2023-09-28,184,1,598
1272,113,2023-09-29,197,1,639
1273,101,2023-09-30,120,4,2648
1274,113,2023-10-01,112,2,1180
1275,440,2023-10-02,147,2,1082
1276,81,2023-10-03,101,3,1080
1277,187,2023-10-04,190,2,1744
1278,113,2023-10-05,114,2,898
1279,2,2023-10-06,164,3,1353
1280,130,2023-10-07,138,2,1238
1281,220,2023-10-08,137,2,838
1282,54,2023-10-09,111,2,474
1283,343,2023-10-10,200,2,1298
1284,485,2023-10-11,177,3,2166
1285,224,2023-10-12,103,2,934
1286,225,2023-10-13,133,2,638
1287,385,2023-10-14,106,3,1308
1288,403,2023-10-15,150,4,1288
1289,126,2023-10-16,110,1,747
1290,130,2023-10-17,105,4,3468
1291,53,2023-10-18,123,3,1377
1292,172,2023-10-19,110,1,428
1293,218,2023-10-20,144,3,1686
1294,160,2023-10-21,102,3,1980
1295,198,2023-10-22,113,2,1806
1296,416,2023-10-23,140,1,481
1297,247,2023-10-24,102,2,1870
1298,324,2023-10-25,184,1,689
1299,439,2023-10-26,165,3,2148
1300,203,2023-10-27,163,3,804
1301,184,2023-10-28,173,4,1264
1302,123,2023-10-29,117,1,477
1303,401,2023-10-30,109,2,436
1304,255,2023-10-31,175,4,1156
1305,294,2023-11-01,115,4,3464
1306,280,2023-11-02,124,4,1876
1307,325,2023-11-03,138,2,1754
1308,372,2023-11-04,135,4,992
1309,98,2023-11-05,194,2,1550
1310,198,2023-11-06,195,4,3004
1311,470,2023-11-07,149,2,1916
1312,395,2023-11-08,169,3,1761
1313,240,2023-11-09,162,3,2607
1314,144,2023-11-10,160,3,1419
1315,97,2023-11-11,150,3,2640
1316,201,2023-11-12,178,3,2376
1317,124,2023-11-13,175,4,1036
1318,187,2023-11-14,109,4,1800
1319,326,2023-11-15,134,4,1548
1320,464,2023-11-16,176,2,774
1321,349,2023-11-17,199,2,1982
1322,259,2023-11-18,135,2,650
1323,148,2023-11-19,101,2,1244
1324,252,2023-11-20,140,3,1863
1325,443,2023-11-21,164,3,2646
1326,420,2023-11-22,122,3,1116
1327,403,2023-11-23,160,1,501
1328,346,2023-11-24,164,4,1128
1329,451,2023-11-25,193,2,1528
1330,147,2023-11-26,172,2,1174
1331,148,2023-11-27,111,3,2778
1332,352,2023-11-28,114,2,1890
1333,199,2023-11-29,160,2,446
1334,308,2023-11-30,130,4,2900
1335,489,2023-12-01,135,3,2667
1336,417,2023-12-02,185,4,2052
1337,424,2023-12-03,137,1,824
1338,128,2023-12-04,105,1,271
1339,39,2023-12-05,183,1,387
1340,338,2023-12-06,178,3,1602
1341,360,2023-12-07,126,2,1570
1342,129,2023-12-08,162,3,636
1343,267,2023-12-09,104,3,2961
1344,476,2023-12-10,189,2,442
1345,441,2023-12-11,142,4,2572
1346,473,2023-12-12,189,1,321
1347,434,2023-12-13,118,4,2920
1348,151,2023-12-14,140,1,138
1349,415,2023-12-15,172,3,1788
1350,478,2023-12-16,139,1,879
1351,298,2023-12-17,114,3,996
1352,99,2023-12-18,132,4,2516
1353,263,2023-12-19,151,3,744
1354,252,2023-12-20,138,4,1984
1355,144,2023-12-21,197,2,1520
1356,346,2023-12-22,123,2,1474
1357,112,2023-12-23,163,2,802
1358,500,2023-12-24,115,3,1377
1359,60,2023-12-25,197,2,674
1360,369,2023-12-26,125,1,746
1361,2,2023-12-27,117,4,3048
1362,385,2023-12-28,197,4,1340
1363,304,2023-12-29,166,1,835
1364,254,2023-12-30,178,3,906
1365,140,2023-12-31,153,3,1065
1366,453,2024-01-01,151,4,2788
1367,37,2024-01-02,139,2,1522
1368,160,2024-01-03,151,3,1002
1369,9,2024-01-04,170,3,1332
1370,233,2024-01-05,106,1,633
1371,99,2024-01-06,167,1,959
1372,147,2024-01-07,107,2,1792
1373,304,2024-01-08,151,3,2640
1374,208,2024-01-09,172,3,1695
1375,131,2024-01-10,142,1,869
1376,404,2024-01-11,164,3,1920
1377,152,2024-01-12,115,4,1248
1378,54,2024-01-13,129,1,562
1379,120,2024-01-14,133,2,1070
1380,161,2024-01-15,194,1,382
1381,408,2024-01-16,127,3,1983
1382,116,2024-01-17,136,2,1412
1383,75,2024-01-18,129,1,562
1384,113,2024-01-19,138,4,2024
1385,456,2024-01-20,157,4,748
1386,420,2024-01-21,197,1,143
1387,422,2024-01-22,127,4,2240
1388,104,2024-01-23,155,4,1508
1389,340,2024-01-24,133,4,3128
1390,254,2024-01-25,168,2,1040
1391,227,2024-01-26,186,4,3200
1392,112,2024-01-27,166,4,1808
1393,473,2024-01-28,110,4,3180
1394,99,2024-01-29,105,2,1228
1395,153,2024-01-30,174,1,802
1396,349,2024-01-31,197,3,2187
1397,402,2024-02-01,138,4,472
1398,384,2024-02-02,113,1,122
1399,366,2024-02-03,131,4,2048
1400,338,2024-02-04,147,2,258
1401,194,2024-02-05,200,1,906
1402,310,2024-02-06,188,2,414
1403,163,2024-02-07,152,4,1864
1404,208,2024-02-08,156,4,1520
1405,445,2024-02-09,115,2,454
1406,169,2024-02-10,129,3,984
1407,484,2024-02-11,108,2,420
1408,161,2024-02-12,105,4,940
1409,68,2024-02-13,129,2,922
1410,289,2024-02-14,147,3,855
1411,398,2024-02-15,168,2,1510
1412,277,2024-02-16,176,3,2049
1413,304,2024-02-17,145,3,684
1414,404,2024-02-18,102,2,1950
1415,384,2024-02-19,127,2,720
1416,392,2024-02-20,195,1,614
1417,135,2024-02-21,136,4,2192
1418,195,2024-02-22,136,3,2997
1419,401,2024-02-23,126,1,203
1420,128,2024-02-24,143,2,1164
1421,33,2024-02-25,127,4,1292
1422,176,2024-02-26,169,1,931
1423,460,2024-02-27,120,3,2919
1424,443,2024-02-28,111,1,965
1425,371,2024-02-29,174,3,1770
1426,470,2024-03-01,138,2,1144
1427,375,2024-03-02,106,4,436
1428,22,2024-03-03,172,4,2016
1429,238,2024-03-04,123,4,3980
1430,158,2024-03-05,147,2,802
1431,38,2024-03-06,190,3,990
1432,230,2024-03-07,146,2,1660
1433,365,2024-03-08,112,4,660
1434,51,2024-03-09,190,2,422
1435,438,2024-03-10,113,2,224
1436,264,2024-03-11,162,2,984
1437,283,2024-03-12,182,3,1797
1438,27,2024-03-13,189,1,697
1439,226,2024-03-14,197,1,333
1440,277,2024-03-15,160,2,1402
1441,286,2024-03-16,143,1,413
1442,97,2024-03-17,176,1,665
1443,284,2024-03-18,200,2,222
1444,367,2024-03-19,168,2,616
1445,448,2024-03-20,105,4,452
1446,481,2024-03-21,137,1,732
1447,453,2024-03-22,172,3,1551
1448,317,2024-03-23,192,2,1072
1449,304,2024-03-24,131,4,1904
1450,147,2024-03-25,109,3,357
1451,4,2024-03-26,151,1,686
1452,35,2024-03-27,129,4,3416
1453,192,2024-03-28,178,2,1668
1454,49,2024-03-29,140,3,507
1455,17,2024-03-30,141,2,1846
1456,172,2024-03-31,186,1,310
1457,220,2024-04-01,111,3,600
1458,158,2024-04-02,123,1,797
1459,477,2024-04-03,101,1,231
1460,46,2024-04-04,146,4,2888
1461,373,2024-04-05,121,2,960
1462,6,2024-04-06,190,3,693
1463,99,2024-04-07,136,1,119
1464,380,2024-04-08,154,1,635
1465,233,2024-04-09,187,3,978
1466,37,2024-04-10,157,1,253
1467,280,2024-04-11,101,4,3616
1468,349,2024-04-12,163,4,3364
1469,497,2024-04-13,154,4,2272
1470,302,2024-04-14,155,4,3684
1471,181,2024-04-15,140,1,970
1472,95,2024-04-16,115,3,1512
1473,99,2024-04-17,121,3,903
1474,188,2024-04-18,147,3,411
1475,481,2024-04-19,173,3,2613
1476,116,2024-04-20,153,2,574
1477,191,2024-04-21,109,3,468
1478,253,2024-04-22,174,2,238
1479,469,2024-04-23,152,2,744
1480,416,2024-04-24,157,4,872
1481,471,2024-04-25,126,2,1364
1482,161,2024-04-26,141,1,615
1483,256,2024-04-27,135,2,640
1484,323,2024-04-28,163,4,2500
1485,128,2024-04-29,125,2,1228
1486,18,2024-04-30,190,1,827
1487,281,2024-05-01,175,1,840
1488,490,2024-05-02,138,1,435
1489,223,2024-05-03,102,4,3188
1490,54,2024-05-04,107,4,616
1491,58,2024-05-05,182,3,1797
1492,323,2024-05-06,191,4,3996
1493,360,2024-05-07,134,1,987
1494,174,2024-05-08,191,1,865
1495,280,2024-05-09,117,4,2540
1496,114,2024-05-10,143,2,522
1497,288,2024-05-11,159,4,3076
1498,431,2024-05-12,151,4,2772
1499,342,2024-05-13,154,1,258
1500,151,2024-05-14,124,3,861
1501,450,2024-05-15,125,1,159
1502,127,2024-05-16,171,3,2748
1503,155,2024-05-17,152,1,418
1504,490,2024-05-18,170,4,3908
1505,386,2024-05-19,188,1,310
1506,474,2024-05-20,133,1,505
1507,273,2024-05-21,149,1,763
1508,104,2024-05-22,129,4,832
1509,417,2024-05-23,163,4,700
1510,393,2024-05-24,122,4,2564
1511,299,2024-05-25,126,4,1652
1512,246,2024-05-26,128,3,648
1513,176,2024-05-27,185,3,2901
1514,39,2024-05-28,149,2,1606
1515,477,2024-05-29,171,4,472
1516,170,2024-05-30,181,3,1593
1517,247,2024-05-31,184,1,784
1518,26,2024-06-01,149,4,3356
1519,355,2024-06-02,120,2,898
1520,306,2024-06-03,186,2,564
1521,409,2024-06-04,192,2,424
1522,408,2024-06-05,163,1,282
1523,13,2024-06-06,161,3,1740
1524,316,2024-06-07,149,1,245
1525,391,2024-06-08,171,4,3720
1526,313,2024-06-09,101,2,1454
1527,36,2024-06-10,196,1,212
1528,173,2024-06-11,113,1,862
1529,20,2024-06-12,194,3,1725
1530,321,2024-06-13,187,3,2586
1531,264,2024-06-14,151,2,804
1532,494,2024-06-15,156,1,924
1533,400,2024-06-16,183,1,217
1534,142,2024-06-17,162,3,2736
1535,460,2024-06-18,132,1,260
1536,371,2024-06-19,130,1,500
1537,471,2024-06-20,129,1,297
1538,143,2024-06-21,149,3,1077
1539,92,2024-06-22,145,2,1518
1540,354,2024-06-23,193,4,3404
1541,322,2024-06-24,130,2,292
1542,288,2024-06-25,116,4,1992
1543,215,2024-06-26,140,1,809
1544,447,2024-06-27,119,2,1316
1545,342,2024-06-28,118,4,708
1546,51,2024-06-29,101,3,669
1547,153,2024-06-30,178,3,522
1548,186,2024-07-01,147,2,1940
1549,63,2024-07-02,166,2,472
1550,190,2024-07-03,192,1,701
1551,125,2024-07-04,194,2,998
1552,150,2024-07-05,138,1,936
1553,314,2024-07-06,151,1,604
1554,58,2024-07-07,163,3,1797
1555,342,2024-07-08,104,3,2016
1556,305,2024-07-09,101,4,948
1557,180,2024-07-10,108,3,447
1558,170,2024-07-11,129,3,2610
1559,326,2024-07-12,155,2,1436
1560,271,2024-07-13,103,3,2172
1561,54,2024-07-14,132,4,3844
1562,491,2024-07-15,110,2,706
1563,444,2024-07-16,174,4,2916
1564,101,2024-07-17,183,3,2427
1565,481,2024-07-18,134,4,3792
1566,264,2024-07-19,197,2,1952
1567,53,2024-07-20,187,1,662
1568,60,2024-07-21,155,4,3424
1569,492,2024-07-22,192,4,2100
1570,108,2024-07-23,132,2,1292
1571,5,2024-07-24,150,2,802
1572,103,2024-07-25,107,4,2720
1573,196,2024-07-26,193,3,1344
1574,262,2024-07-27,108,4,3724
1575,365,2024-07-28,165,2,296
1576,480,2024-07-29,157,1,173
1577,372,2024-07-30,167,1,803
1578,350,2024-07-31,188,3,1080
1579,47,2024-08-01,187,4,1820
1580,355,2024-08-02,159,1,681
1581,311,2024-08-03,172,4,2804
1582,424,2024-08-04,154,2,718
1583,308,2024-08-05,167,1,737
1584,144,2024-08-06,151,3,2526
1585,269,2024-08-07,197,2,788
1586,370,2024-08-08,192,3,2220
1587,124,2024-08-09,108,2,1782
1588,106,2024-08-10,134,1,412
1589,158,2024-08-11,135,3,2133
1590,147,2024-08-12,196,3,2811
1591,145,2024-08-13,188,2,1816
1592,120,2024-08-14,178,3,843
1593,319,2024-08-15,132,2,1570
1594,275,2024-08-16,146,2,1854
1595,92,2024-08-17,116,2,926
1596,58,2024-08-18,168,2,574
1597,439,2024-08-19,137,1,668
1598,346,2024-08-20,154,2,1284
1599,229,2024-08-21,185,4,2780
1600,474,2024-08-22,114,3,2289
1601,117,2024-08-23,195,4,2588
1602,318,2024-08-24,155,1,824
1603,279,2024-08-25,148,4,2028
1604,127,2024-08-26,182,3,2925
1605,393,2024-08-27,107,4,2868
1606,396,2024-08-28,174,1,513
1607,129,2024-08-29,107,2,882
1608,58,2024-08-30,133,4,1276
1609,122,2024-08-31,123,1,262
1610,1,2024-09-01,185,1,319
1611,239,2024-09-02,119,3,1107
1612,290,2024-09-03,119,3,2193
1613,96,2024-09-04,136,4,3788
1614,126,2024-09-05,129,2,998
1615,118,2024-09-06,160,1,281
1616,48,2024-09-07,182,4,2868
1617,89,2024-09-08,102,1,828
1618,488,2024-09-09,101,1,304
1619,237,2024-09-10,147,2,1362
1620,373,2024-09-11,169,2,1310
1621,385,2024-09-12,120,4,3760
1622,272,2024-09-13,111,2,1824
1623,189,2024-09-14,102,2,654
1624,487,2024-09-15,167,4,3180
1625,192,2024-09-16,187,2,1436
1626,447,2024-09-17,112,3,2085
1627,69,2024-09-18,120,1,949
1628,278,2024-09-19,105,1,349
1629,349,2024-09-20,137,1,974
1630,247,2024-09-21,138,1,540
1631,451,2024-09-22,194,4,2528
1632,76,2024-09-23,109,1,295
1633,154,2024-09-24,198,1,789
1634,144,2024-09-25,153,1,618
1635,435,2024-09-26,144,1,169
1636,485,2024-09-27,199,3,2214
1637,86,2024-09-28,186,1,498
1638,185,2024-09-29,124,3,2313
1639,285,2024-09-30,181,4,3436
1640,462,2024-10-01,174,2,604
1641,220,2024-10-02,130,1,247
1642,69,2024-10-03,159,2,1142
1643,47,2024-10-04,187,2,1508
1644,497,2024-10-05,196,4,1192
1645,94,2024-10-06,181,2,1050
1646,238,2024-10-07,181,3,2295
1647,446,2024-10-08,114,2,1182
1648,500,2024-10-09,109,2,1974
1649,453,2024-10-10,140,2,1990
1650,204,2024-10-11,166,1,241
1651,400,2024-10-12,125,1,412
1652,218,2024-10-13,173,3,792
1653,474,2024-10-14,122,3,1239
1654,432,2024-10-15,104,1,120
1655,341,2024-10-16,126,3,543
1656,39,2024-10-17,158,1,680
1657,100,2024-10-18,129,4,920
1658,289,2024-10-19,198,2,1396
1659,254,2024-10-20,187,2,1658
1660,222,2024-10-21,137,3,1212
1661,357,2024-10-22,175,1,470
1662,23,2024-10-23,170,1,956
1663,250,2024-10-24,118,3,2856
1664,10,2024-10-25,185,1,483
1665,246,2024-10-26,142,4,2176
1666,325,2024-10-27,200,2,1048
1667,100,2024-10-28,141,3,780
1668,290,2024-10-29,138,3,831
1669,180,2024-10-30,134,1,728
1670,223,2024-10-31,117,3,2421
1671,394,2024-11-01,137,4,3976
1672,250,2024-11-02,125,1,589
1673,147,2024-11-03,176,1,426
1674,442,2024-11-04,187,1,697
1675,96,2024-11-05,186,1,388
1676,257,2024-11-06,185,4,2768
1677,325,2024-11-07,127,1,763
1678,493,2024-11-08,157,3,2016
1679,4,2024-11-09,131,4,2688
1680,16,2024-11-10,106,2,906
1681,280,2024-11-11,191,2,254
1682,336,2024-11-12,140,3,426
1683,247,2024-11-13,198,3,2340
1684,258,2024-11-14,112,4,2088
1685,497,2024-11-15,153,2,1394
1686,476,2024-11-16,171,2,552
1687,384,2024-11-17,110,2,1256
1688,160,2024-11-18,145,2,1418
1689,475,2024-11-19,117,2,1186
1690,340,2024-11-20,126,1,297
1691,152,2024-11-21,185,3,2127
1692,396,2024-11-22,192,1,676
1693,178,2024-11-23,162,2,1882
1694,163,2024-11-24,146,4,3808
1695,380,2024-11-25,164,4,2464
1696,33,2024-11-26,102,2,1226
1697,417,2024-11-27,154,2,242
1698,445,2024-11-28,165,4,844
1699,179,2024-11-29,151,1,156
1700,427,2024-11-30,153,1,165
1701,101,2024-12-01,136,2,1882
1702,268,2024-12-02,126,1,197
1703,323,2024-12-03,129,4,972
1704,65,2024-12-04,121,1,979
1705,417,2024-12-05,111,2,1068
1706,168,2024-12-06,140,4,2944
1707,330,2024-12-07,111,1,778
1708,43,2024-12-08,136,3,555
1709,44,2024-12-09,159,4,2748
1710,285,2024-12-10,139,4,1772
1711,397,2024-12-11,199,3,1179
1712,12,2024-12-12,154,3,2010
1713,95,2024-12-13,198,4,2996
1714,302,2024-12-14,155,3,2130
1715,386,2024-12-15,124,2,1606
1716,253,2024-12-16,122,2,684
1717,499,2024-12-17,169,2,1860
1718,242,2024-12-18,156,4,2640
1719,35,2024-12-19,133,3,393
1720,215,2024-12-20,136,3,1470
1721,337,2024-12-21,120,1,376
1722,90,2024-12-22,183,1,631
1723,264,2024-12-23,199,3,759
1724,93,2024-12-24,181,3,1446
1725,410,2024-12-25,162,3,501
1726,458,2024-12-26,198,4,3908
1727,90,2024-12-27,173,3,2949
1728,418,2024-12-28,126,1,313
1729,115,2024-12-29,166,4,3016
1730,105,2024-12-30,173,3,1425
1731,391,2024-12-31,173,1,843
1732,196,2025-01-01,140,4,1248
1733,314,2025-01-02,117,3,534
1734,114,2025-01-03,101,3,2475
1735,493,2025-01-04,189,3,2181
1736,75,2025-01-05,161,4,2812
1737,413,2025-01-06,143,1,881
1738,376,2025-01-07,142,1,480
1739,420,2025-01-08,125,2,1558
1740,217,2025-01-09,139,3,471
1741,277,2025-01-10,135,2,1790
1742,249,2025-01-11,103,2,250
1743,164,2025-01-12,144,1,980
1744,394,2025-01-13,151,4,2184
1745,357,2025-01-14,194,4,660
1746,457,2025-01-15,198,1,859
1747,408,2025-01-16,112,4,1412
1748,192,2025-01-17,119,2,1996
1749,227,2025-01-18,144,3,429
1750,177,2025-01-19,159,1,196
1751,99,2025-01-20,149,3,1959
1752,496,2025-01-21,161,4,1304
1753,36,2025-01-22,117,3,2619
1754,466,2025-01-23,174,4,3112
1755,497,2025-01-24,157,4,2140
1756,487,2025-01-25,155,2,1780
1757,96,2025-01-26,147,4,2800
1758,152,2025-01-27,112,2,956
1759,151,2025-01-28,162,2,554
1760,190,2025-01-29,180,2,1052
1761,224,2025-01-30,188,1,808
1762,37,2025-01-31,183,1,406
1763,268,2025-02-01,108,4,3512
1764,369,2025-02-02,195,2,1206
1765,183,2025-02-03,121,1,367
1766,13,2025-02-04,181,2,1370
1767,279,2025-02-05,187,3,321
1768,217,2025-02-06,180,3,1821
1769,355,2025-02-07,170,3,1725
1770,361,2025-02-08,172,4,1584
1771,286,2025-02-09,125,2,526
1772,273,2025-02-10,182,3,1752
1773,369,2025-02-11,189,1,696
1774,62,2025-02-12,112,3,513
1775,84,2025-02-13,115,3,1998
1776,368,2025-02-14,159,3,1974
1777,217,2025-02-15,126,4,1348
1778,342,2025-02-16,126,1,203
1779,397,2025-02-17,147,2,618
1780,187,2025-02-18,132,1,653
1781,19,2025-02-19,110,2,1854
1782,177,2025-02-20,116,4,2268
1783,100,2025-02-21,171,4,2212
1784,396,2025-02-22,117,4,1468
1785,445,2025-02-23,123,4,1940
1786,233,2025-02-24,126,2,1748
1787,403,2025-02-25,185,3,2841
1788,76,2025-02-26,186,2,972
1789,265,2025-02-27,107,1,976
1790,455,2025-02-28,114,4,1432
1791,284,2025-03-01,179,4,1528
1792,206,2025-03-02,107,1,725
1793,223,2025-03-03,109,2,1948
1794,384,2025-03-04,148,3,417
1795,52,2025-03-05,172,3,1755
1796,339,2025-03-06,159,1,319
1797,367,2025-03-07,187,3,684
1798,144,2025-03-08,193,2,1238
1799,373,2025-03-09,182,2,1424
1800,69,2025-03-10,195,1,991
1801,99,2025-03-11,194,2,1574
1802,396,2025-03-12,139,4,2872
1803,25,2025-03-13,199,1,712
1804,436,2025-03-14,118,2,718
1805,379,2025-03-15,159,1,465
1806,469,2025-03-16,117,3,2571
1807,484,2025-03-17,114,2,1772
1808,53,2025-03-18,131,4,2572
1809,151,2025-03-19,124,2,1496
1810,144,2025-03-20,199,1,623
1811,57,2025-03-21,160,1,913
1812,39,2025-03-22,145,2,1972
1813,109,2025-03-23,198,4,460
1814,181,2025-03-24,103,4,912
1815,42,2025-03-25,137,4,2696
1816,186,2025-03-26,143,1,208
1817,423,2025-03-27,140,2,1972
1818,398,2025-03-28,190,3,1896
1819,223,2025-03-29,155,1,769
1820,122,2025-03-30,187,4,1472
1821,133,2025-03-31,139,2,522
1822,163,2025-04-01,115,4,1436
1823,215,2025-04-02,104,3,603
1824,221,2025-04-03,193,4,2420
1825,235,2025-04-04,186,4,3336
1826,331,2025-04-05,125,3,2010
1827,146,2025-04-06,113,2,692
1828,239,2025-04-07,182,1,739
1829,76,2025-04-08,133,2,1788
1830,9,2025-04-09,116,3,2808
1831,74,2025-04-10,142,4,2544
1832,442,2025-04-11,166,2,460
1833,492,2025-04-12,155,1,452
1834,401,2025-04-13,199,3,885
1835,253,2025-04-14,142,2,1784
1836,230,2025-04-15,134,1,765
1837,7,2025-04-16,130,3,1443
1838,174,2025-04-17,113,1,744
1839,141,2025-04-18,113,3,978
1840,168,2025-04-19,118,4,3200
1841,170,2025-04-20,132,2,1150
1842,393,2025-04-21,196,1,576
1843,434,2025-04-22,199,3,1092
1844,283,2025-04-23,139,1,471
1845,122,2025-04-24,146,1,585
1846,194,2025-04-25,129,2,1066
1847,5,2025-04-26,162,4,2980
1848,29,2025-04-27,193,1,310
1849,165,2025-04-28,162,3,2013
1850,422,2025-04-29,157,3,1428
1851,339,2025-04-30,116,4,1976
1852,136,2025-05-01,156,3,1647
1853,496,2025-05-02,110,4,1852
1854,365,2025-05-03,130,3,2925
1855,321,2025-05-04,125,2,1112
1856,342,2025-05-05,184,1,824
1857,500,2025-05-06,105,2,1654
1858,145,2025-05-07,165,1,325
1859,327,2025-05-08,194,1,230
1860,217,2025-05-09,149,1,687
1861,301,2025-05-10,103,2,1150
1862,132,2025-05-11,145,1,897
1863,292,2025-05-12,114,2,752
1864,70,2025-05-13,130,4,1020
1865,252,2025-05-14,168,3,2577
1866,415,2025-05-15,118,3,951
1867,275,2025-05-16,162,1,289
1868,445,2025-05-17,137,2,1032
1869,364,2025-05-18,125,3,2322
1870,182,2025-05-19,148,2,1582
1871,167,2025-05-20,165,2,1290
1872,91,2025-05-21,153,1,140
1873,202,2025-05-22,179,3,1218
1874,346,2025-05-23,173,1,437
1875,19,2025-05-24,115,1,413
1876,39,2025-05-25,149,3,522
1877,126,2025-05-26,188,3,1134
1878,451,2025-05-27,168,4,1100
1879,173,2025-05-28,112,4,3980
1880,141,2025-05-29,159,2,1522
1881,242,2025-05-30,137,3,1116
1882,220,2025-05-31,161,4,3744
1883,126,2025-06-01,143,2,1438
1884,58,2025-06-02,170,2,1500
1885,148,2025-06-03,139,2,1922
1886,476,2025-06-04,156,4,3528
1887,456,2025-06-05,163,3,2874
1888,317,2025-06-06,146,1,388
1889,383,2025-06-07,188,2,1646
1890,361,2025-06-08,111,4,3968
1891,423,2025-06-09,162,4,1484
1892,1,2025-06-10,177,1,165
1893,387,2025-06-11,198,1,582
1894,461,2025-06-12,125,4,1388
1895,348,2025-06-13,171,3,765
1896,190,2025-06-14,152,1,146
1897,191,2025-06-15,104,4,2212
1898,369,2025-06-16,159,1,300
1899,409,2025-06-17,172,3,2277
1900,312,2025-06-18,120,2,446
1901,417,2025-06-19,193,1,100
1902,422,2025-06-20,163,3,2574
1903,117,2025-06-21,154,4,3816
1904,134,2025-06-22,174,1,739
1905,58,2025-06-23,198,1,290
1906,44,2025-06-24,157,4,2712
1907,173,2025-06-25,190,2,1230
1908,160,2025-06-26,141,4,2164
1909,173,2025-06-27,103,1,914
1910,317,2025-06-28,106,4,3620
1911,303,2025-06-29,105,3,726
1912,149,2025-06-30,105,4,1160
1913,80,2025-07-01,154,1,632
1914,374,2025-07-02,147,4,1304
1915,213,2025-07-03,187,2,824
1916,203,2025-07-04,149,4,2912
1917,252,2025-07-05,109,2,802
1918,229,2025-07-06,199,3,2259
1919,164,2025-07-07,120,2,1118
1920,227,2025-07-08,161,4,2000
1921,147,2025-07-09,135,1,650
1922,20,2025-07-10,150,2,984
1923,441,2025-07-11,182,3,2898
1924,402,2025-07-12,162,2,1726
1925,47,2025-07-13,117,2,1888
1926,233,2025-07-14,188,2,612
1927,305,2025-07-15,103,3,927
1928,14,2025-07-16,132,4,856
1929,143,2025-07-17,199,2,1672
1930,415,2025-07-18,113,2,1490
1931,1,2025-07-19,189,1,350
1932,373,2025-07-20,173,3,954
1933,54,2025-07-21,168,2,1012
1934,374,2025-07-22,114,3,1626
1935,259,2025-07-23,198,2,1404
1936,144,2025-07-24,111,4,1812
1937,471,2025-07-25,156,4,3948
1938,441,2025-07-26,167,2,1314
1939,459,2025-07-27,192,4,2596
1940,12,2025-07-28,129,2,482
1941,330,2025-07-29,109,4,2844
1942,224,2025-07-30,167,1,600
1943,272,2025-07-31,125,1,939
1944,456,2025-08-01,198,1,801
1945,358,2025-08-02,176,3,1938
1946,460,2025-08-03,142,3,2274
1947,408,2025-08-04,109,1,641
1948,156,2025-08-05,179,3,2835
1949,373,2025-08-06,140,4,2424
1950,8,2025-08-07,125,2,1390
1951,122,2025-08-08,105,2,1960
1952,348,2025-08-09,111,2,760
1953,164,2025-08-10,159,1,523
1954,90,2025-08-11,198,3,2865
1955,136,2025-08-12,188,4,1476
1956,186,2025-08-13,179,4,1012
1957,316,2025-08-14,138,1,713
1958,178,2025-08-15,172,4,3304
1959,28,2025-08-16,105,4,3044
1960,220,2025-08-17,148,4,728
1961,357,2025-08-18,190,4,2884
1962,41,2025-08-19,118,3,2994
1963,228,2025-08-20,170,4,2100
1964,192,2025-08-21,137,2,748
1965,411,2025-08-22,160,1,812
1966,447,2025-08-23,148,3,1149
1967,145,2025-08-24,177,4,1088
1968,201,2025-08-25,128,3,1278
1969,417,2025-08-26,169,4,3268
1970,212,2025-08-27,177,2,324
1971,461,2025-08-28,181,1,172
1972,220,2025-08-29,140,4,3448
1973,240,2025-08-30,145,4,2940
1974,413,2025-08-31,196,4,1896
1975,397,2025-09-01,162,4,2928
1976,46,2025-09-02,193,1,607
1977,35,2025-09-03,158,1,886
1978,253,2025-09-04,167,2,994
1979,390,2025-09-05,156,1,219
1980,82,2025-09-06,140,4,2144
1981,371,2025-09-07,198,2,1856
1982,256,2025-09-08,140,2,1550
1983,197,2025-09-09,191,2,1128
1984,303,2025-09-10,177,4,1540
1985,409,2025-09-11,133,3,1092
1986,450,2025-09-12,106,4,1676
1987,10,2025-09-13,188,1,772
1988,312,2025-09-14,119,1,475
1989,286,2025-09-15,180,4,3676
1990,242,2025-09-16,140,4,752
1991,251,2025-09-17,192,2,1506
1992,365,2025-09-18,197,4,1208
1993,5,2025-09-19,159,2,1840
1994,119,2025-09-20,159,1,838
1995,289,2025-09-21,148,2,866
1996,374,2025-09-22,141,4,1284
1997,65,2025-09-23,113,1,140
1998,146,2025-09-24,145,3,2421
1999,224,2025-09-25,189,2,334
2000,239,2025-09-26,153,1,875
